{"sum": 461613, "avr": 548.8858501783591, "sumMD": 15195, "avrMD": 523.9655172413793, "sumSD": 15848, "avrSD": 546.4827586206897, "max": 997, "min": 100}